review_text,label
"This product exceeded my expectations. Great quality and fast shipping.",0
"I've been using this for 3 months now and it's holding up well. Recommended.",0
"Good value for money. Does exactly what it's supposed to do.",0
"Delivery was quick and the product matches the description perfectly.",0
"Solid build quality. My family loves it and we use it daily.",0
"Great customer service when I had a question about installation.",0
"Works as advertised. No complaints so far after 2 weeks of use.",0
"The design is sleek and it fits perfectly in my kitchen.",0
"Assembly was straightforward with clear instructions included.",0
"Worth every penny. I would definitely buy this again.",0
"The product arrived on time and packaging was excellent. Quality seems good so far.",0
"I compared this with similar products and this one offers the best value.",0
"Customer support was helpful when I needed to return an item.",0
"The instruction manual was clear and setup took about 30 minutes.",0
"I've recommended this to my friends and they're all satisfied with their purchase.",0
"The material feels durable and should last for years with proper care.",0
"Price point is reasonable for the features you get.",0
"Shipping was faster than expected and item arrived in perfect condition.",0
"I had some concerns initially but after using it I'm completely satisfied.",0
"The warranty coverage gives me confidence in this purchase.",0
"Best product ever! Amazing! Buy it now! 5 stars!",1
"Incredible quality! Perfect! Amazing seller! Fast shipping! Recommended!",1
"Outstanding! Excellent! Perfect! Amazing! Best purchase ever!",1
"WOW! Perfect product! Amazing quality! Super fast delivery!",1
"Best ever! Perfect! Amazing! Outstanding! Highly recommend!",1
"Excellent! Perfect! Amazing quality! Fast shipping! Great seller!",1
"Perfect product! Amazing! Best quality! Super recommended!",1
"Outstanding quality! Perfect! Amazing! Best seller ever!",1
"Perfect! Amazing! Excellent! Best product! Fast delivery!",1
"Amazing! Perfect! Outstanding! Best quality! Highly recommend!",1
"Super amazing product! Best quality ever! Perfect! Five stars!",1
"Incredible! Outstanding! Perfect! Amazing! Best purchase!",1
"Perfect quality! Amazing! Excellent! Best seller! Recommended!",1
"WOW! Amazing! Perfect! Outstanding! Best product ever!",1
"Perfect! Incredible! Amazing! Best quality! Super fast!",1
"Outstanding! Perfect! Amazing! Excellent! Best seller!",1
"Amazing quality! Perfect! Outstanding! Best product!",1
"Perfect! Amazing! Incredible! Best quality ever!",1
"Best product! Perfect! Amazing! Outstanding quality!",1
"Perfect! Amazing! Best ever! Outstanding! Incredible!",1
